position,gene,encoded_value,shap_value
pos_2155168,katG,4,0.1787453066862872
pos_4247730,embB,1,0.0604099136378931
pos_4247431,embB,0,0.0103362465745522
pos_2154724,katG,0,0.00984683987636
pos_1834177,rpsA,0,-0.0096851811869282
pos_1674481,inhA,0,-0.0061315719103259
pos_2288998,pncA,3,0.0056087456183115
pos_761155,rpoB,2,-0.0035275739224087
pos_4247429,embB,0,-0.0028568040176372
pos_1674048,fabG1,0,-0.0026430467199452
pos_2288782,pncA,0,-0.0019415870767261
pos_761109,rpoB,0,-0.0018893572912065
pos_1834836,rpsA,0,-0.0018374889815504
pos_4248003,embB,0,-0.001778277938738
pos_2155541,katG,0,-0.0017167012597201
pos_2154100,katG,0,-0.0016115028667263
pos_2155389,katG,0,-0.001597984322143
pos_761926,rpoB,0,-0.0015903820644598
pos_763031,rpoB,0,-0.0015243548731348
pos_4242550,embC,0,-0.0014023368042398
pos_1674263,inhA,0,-0.001338465397921
pos_4249408,embB,0,0.0013377908870279
pos_761110,rpoB,0,-0.0012495515877503
pos_4247729,embB,0,0.0011792141724436
pos_4243460,embA,0,0.0011398366313025
pos_761489,rpoB,0,-0.0010727001783379
pos_2155300,katG,0,-0.0009742523500972
pos_4240572,embC,0,-0.0009650151420623
pos_760555,rpoB,0,-0.0008830346725699
pos_2289090,pncA,0,-0.0008774153894046
pos_4242182,embC,0,-0.0008656023603725
pos_2289047,pncA,0,-0.0008654325611914
pos_4246544,embB,0,0.0008289840419712
pos_2289097,pncA,0,0.000817564186982
pos_4242893,embC,0,0.0007944306610261
pos_761095,rpoB,0,-0.0007828327982895
pos_4248002,embB,0,-0.0007603933491918
pos_4242803,embC,0,0.0007485299049972
pos_761161,rpoB,0,-0.0007482488834165
pos_4242992,embC,0,-0.0007059827880584
pos_761140,rpoB,0,-0.0006929912086002
pos_1674782,inhA,0,0.0006406265714394
pos_4248758,embB,0,0.000639905347707
pos_2289206,pncA,0,-0.000610665087006
pos_2288901,pncA,0,-0.0006070495791573
pos_2154961,katG,0,-0.0005988430387515
pos_4249583,embB,0,0.0005232575749141
pos_761156,rpoB,0,-0.0005175734061049
pos_4239891,embC,0,-0.0005151908611424
pos_760281,rpoB,0,-0.0005109022307442
pos_4244244,embA,0,0.0005009198102743
pos_4242075,embC,0,-0.0004890898756147
pos_2154459,katG,0,0.0004866449729888
pos_2288757,pncA,0,0.000465299710122
pos_2289068,pncA,0,-0.0004502543123089
pos_4241042,embC,0,-0.0003957544232537
pos_762434,rpoB,0,0.000390663445774
pos_4245055,embA,0,-0.0003788451236232
pos_4245969,embA,0,-0.0003779145952381
pos_2155267,katG,0,-0.0003680294481091
pos_761880,rpoB,0,0.0003651483064459
pos_761277,rpoB,0,-0.0003521017408002
pos_1674966,inhA,0,0.0003415199317169
pos_2156007,katG,0,0.0003057232876653
pos_762731,rpoB,0,0.0002939941000659
pos_2154678,katG,0,-0.0002700000051117
pos_762636,rpoB,0,0.000268816234647
pos_1834683,rpsA,0,-0.0002557239916131
pos_4247646,embB,0,-0.000248638036306
pos_4240172,embC,0,-0.0002311447633837
pos_2155690,katG,0,-0.0002298888101358
pos_4245777,embA,0,-0.000212975477043
pos_4243346,embA,0,-0.0002048267389909
pos_4247574,embB,0,-0.0001853438827492
pos_4243848,embA,0,-0.0001817104405023
pos_4242643,embC,2,-0.0001762621995658
pos_760115,rpoB,0,-0.000173109151699
pos_762285,rpoB,0,-0.0001659986567392
pos_2155065,katG,0,0.0001635907728632
pos_2288952,pncA,0,0.0001609971485413
pos_2289037,pncA,0,-0.0001547649432905
pos_4240671,embC,0,0.0001479977069789
pos_4248115,embB,0,0.0001363458574053
pos_4242559,embC,0,-0.0001301379199139
pos_2289091,pncA,0,-0.0001178483010153
pos_2289202,pncA,0,0.0001146583515583
pos_4245670,embA,0,-0.0001082202338852
pos_4246548,embB,0,-0.0001081321886704
pos_761139,rpoB,0,-0.0001005580485309
pos_4245324,embA,0,9.675683326349826e-05
pos_4246979,embB,0,-7.933519957532553e-05
pos_2289213,pncA,0,-7.549669021045702e-05
pos_2155167,katG,0,-7.055555484839714e-05
pos_4247728,embB,0,-6.918373443113523e-05
pos_2288859,pncA,0,-6.600937434996013e-05
pos_4246556,embB,0,6.394324723402178e-05
pos_4246555,embB,0,5.7720884237824064e-05
pos_2153970,katG,0,-5.724369038603072e-05
pos_2289031,pncA,0,-5.6716746112215336e-05
pos_761889,rpoB,0,-5.627406369058008e-05
pos_4247738,embB,0,-5.060741270426661e-05
pos_1833558,rpsA,0,-4.6284490381367504e-05
pos_4245125,embA,0,-4.6026769960008094e-05
pos_4247469,embB,0,-4.503374948399142e-05
pos_4240372,embC,0,-4.4585477765508587e-05
pos_2289040,pncA,0,-3.371882427018136e-05
pos_762089,rpoB,0,-3.333332890179008e-05
pos_2289220,pncA,0,3.269842272857204e-05
pos_761292,rpoB,0,-3.264560800744221e-05
pos_2154212,katG,0,-3.093184017416206e-05
pos_4246734,embB,0,-3.05555562954396e-05
pos_2288844,pncA,0,-2.976189716719091e-05
pos_4243323,embA,0,-2.8598670032806693e-05
pos_2289226,pncA,0,-2.7222217759117485e-05
pos_4249064,embB,0,-2.6946385041810572e-05
pos_4239863,embC,0,-2.5939550250768662e-05
pos_4246563,embB,0,2.5583570077287733e-05
pos_2288883,pncA,0,-2.555555387516506e-05
pos_2288727,pncA,0,-2.530697402107762e-05
pos_2289057,pncA,0,-2.4656635068822653e-05
pos_2288841,pncA,0,-2.3830883365008048e-05
pos_2288933,pncA,0,-2.3033973668020736e-05
pos_761100,rpoB,0,2.249178621241299e-05
pos_761032,rpoB,0,-1.6719583072699606e-05
pos_4246567,embB,0,-1.651289352025742e-05
pos_4245227,embA,0,-1.4761902566533535e-05
pos_762101,rpoB,0,-1.396489735270734e-05
pos_761467,rpoB,0,-1.315676956437528e-05
pos_4241562,embC,0,1.0784389614855172e-05
pos_2289219,pncA,0,-9.444444585824386e-06
pos_761088,rpoB,0,-9.127677185460924e-06
pos_2289016,pncA,0,-8.959773258538917e-06
pos_760314,rpoB,0,-8.518041654497211e-06
pos_4249594,embB,0,-8.33333353511989e-06
pos_762717,rpoB,0,-8.333332953043282e-06
pos_4249678,embB,0,7.222223503049463e-06
pos_1674465,inhA,0,-6.182059878483414e-06
pos_2289240,pncA,0,-5.935504450462759e-06
pos_2154973,katG,0,-5.894620735489298e-06
pos_4246105,embA,0,-5.5555556900799275e-06
pos_2289049,pncA,0,-3.8888888957444575e-06
pos_2289036,pncA,0,-2.539681299822405e-06
pos_2289205,pncA,0,-1.6666669398546218e-06
pos_4242622,embC,0,-1.111110905185342e-06
pos_4241532,embC,0,-5.555542884394527e-07
pos_4247420,embB,0,-3.1745978049002585e-07
pos_4249773,embB,0,5.820766091346741e-13
