position,shap_RIF_only,shap_ETH_only,shap_RIF_in_coresist,shap_ETH_in_coresist,shap_RIF_neither,shap_ETH_neither,delta_RIF,delta_ETH,max_abs_delta,gene
pos_761139,0.061505835950334195,0.003051275983038835,0.03377310565845401,0.005196830282115105,0.027705655285810597,0.0017502618903697258,-0.027732730291880184,0.0021455542990762703,0.027732730291880184,rpoB
pos_760115,0.005018814040230229,0.032547003939804336,0.005506916755734119,0.012084318429344248,0.010980011942283019,0.02529873211013223,0.0004881027155038903,-0.02046268551046009,0.02046268551046009,rpoB
pos_761155,0.2852420590738961,0.06278690821644978,0.26526392097156487,0.06888617409015911,0.3732274118164302,0.08571353661185838,-0.019978138102331233,0.006099265873709334,0.019978138102331233,rpoB
pos_4248003,0.002797418271464573,0.01357508047011125,0.005371741694404209,0.02662474260255785,0.004369164262729049,0.01026534532159636,0.002574323422939636,0.0130496621324466,0.0130496621324466,embB
pos_4242803,0.0035189401801288427,0.021296844902071316,0.003555725157560972,0.008620868611034796,0.006558406144088787,0.013858841376192137,3.678497743212937e-05,-0.01267597629103652,0.01267597629103652,embC
pos_4242182,0.0016249222715467647,0.018821774024148672,0.002123583028617304,0.006536246251163555,0.0011244745341198962,0.005806582831336501,0.0004986607570705392,-0.012285527772985118,0.012285527772985118,embC
pos_4247429,0.019919628329328396,0.13988703688257076,0.029151219235760518,0.1452696100386173,0.046423670339528905,0.11903708748783384,0.009231590906432122,0.005382573156046538,0.009231590906432122,embB
pos_761109,0.005221022437192887,0.011115289328735012,0.006307693340117485,0.005246941644807002,0.0032160038698135886,0.003344499269169337,0.0010866709029245985,-0.00586834768392801,0.00586834768392801,rpoB
pos_4243460,0.010558461985842397,0.0070271507802745995,0.010443830756741091,0.012280428549790133,0.014706416195575027,0.007348840094300146,-0.00011463122910130609,0.0052532777695155335,0.0052532777695155335,embA
pos_762089,0.0019662301716274738,0.006266440024121383,0.0026071675633778527,0.010557934074842906,0.0008868164322498099,0.004620095376309175,0.0006409373917503789,0.004291494050721523,0.004291494050721523,rpoB
pos_761140,0.018926028397874366,0.005201853009461516,0.0152726217655419,0.007584337316026871,0.015439433770599656,0.007281746987369357,-0.0036534066323324656,0.0023824843065653554,0.0036534066323324656,rpoB
pos_4247469,0.000643805832119138,0.0010397902542204328,0.0014504738042411286,0.004690508643420966,0.0001979980099087687,8.704115283848007e-05,0.0008066679721219906,0.0036507183892005336,0.0036507183892005336,embB
pos_761110,0.06262313721392641,0.008579987933578205,0.0661382212596589,0.010931575115467137,0.0618604460614434,0.007942333143920854,0.003515084045732489,0.0023515871818889315,0.003515084045732489,rpoB
pos_2289091,0.003376329914000327,0.005065954799169182,0.005197925414296445,0.008542683903508512,0.003929930487783353,0.005318131885029296,0.001821595500296118,0.0034767291043393293,0.0034767291043393293,pncA
pos_1674048,0.0006116360330671071,0.006863665040520377,0.0007078412674581473,0.003565451559763834,0.0010805953968959518,0.00458543709225442,9.620523439104014e-05,-0.0032982134807565426,0.0032982134807565426,fabG1
pos_4249583,0.0010878786133504737,0.0031755404090981114,0.0016284316363943897,0.006309547543334699,0.0013322078418468598,0.001324183249524319,0.000540553023043916,0.0031340071342365874,0.0031340071342365874,embB
pos_4243346,0.0021462455580032154,0.0029126429931747152,0.0036566481417643717,0.005877818426389566,0.0010071697905595484,0.002002878422911703,0.0015104025837611563,0.0029651754332148507,0.0029651754332148507,embA
pos_4249323,0.0014244975858065062,0.005931651249650849,0.0017365726132045627,0.0031853691934890472,0.0016714579340062722,0.0009060148825751294,0.00031207502739805646,-0.002746282056161802,0.002746282056161802,embB
pos_2155168,0.013192552263806955,0.028780602910089322,0.010572966214573454,0.027879656614636383,0.010876671358949678,0.014615262718310323,-0.002619586049233501,-0.0009009462954529396,0.002619586049233501,katG
pos_761161,0.005222761300601006,0.005951069081995866,0.003010369884476715,0.0035349773506440484,0.005391510562372745,0.002947213749805669,-0.002212391416124291,-0.002416091731351817,0.002416091731351817,rpoB
pos_2289047,0.002802299291898271,0.005244654529845225,0.0020425926413742603,0.007288542176832133,0.006193912083748469,0.004022486923625785,-0.0007597066505240107,0.002043887646986909,0.002043887646986909,pncA
pos_4247431,0.01342215238236532,0.07513586743823703,0.015415038957485484,0.0731806476671132,0.025069489294087956,0.06517964059579942,0.0019928865751201643,-0.0019552197711238256,0.0019928865751201643,embB
pos_763031,0.004975907765470845,0.011997440604691488,0.004317744196589193,0.013778467242885286,0.0165793489618735,0.009563946149271927,-0.0006581635688816517,0.001781026638193798,0.001781026638193798,rpoB
pos_761277,0.0036849015122546033,0.0034237364454845353,0.004863757442789715,0.0017708531935129955,0.004712086265240144,0.0015817429444293185,0.001178855930535112,-0.0016528832519715397,0.0016528832519715397,rpoB
pos_4247574,0.005123380584776408,0.013858759449614818,0.004605577486532883,0.01221373358661155,0.0021279406382320957,0.014233137229178244,-0.0005178030982435251,-0.0016450258630032674,0.0016450258630032674,embB
pos_2289213,0.001818580242014027,0.002629942900150014,0.0024191567203585436,0.004016414104831082,0.0029918168768113115,0.0017267411403437591,0.0006005764783445166,0.0013864712046810675,0.0013864712046810675,pncA
pos_2289090,0.0005861850134277187,0.0027479413561403263,0.0004573920525339806,0.0016977107922402108,0.0006186967490157022,0.00150207293278104,-0.00012879296089373808,-0.0010502305639001155,0.0010502305639001155,pncA
pos_4249408,0.0022430598894954807,0.003490265653914212,0.0020574612594131824,0.002520317036381627,0.0028479824499003377,0.001319268792855584,-0.00018559863008229833,-0.000969948617532585,0.000969948617532585,embB
pos_4247730,0.005009285437959301,0.02049866138470848,0.005197972037183403,0.021439080569803537,0.011228466173624998,0.021392650417838575,0.00018868659922410217,0.0009404191850950552,0.0009404191850950552,embB
pos_763123,0.0012059591178647628,0.0013386451089110513,0.0020471689262180925,0.0018170993347540107,0.0016471158553355114,0.001492666736437809,0.0008412098083533297,0.00047845422584295947,0.0008412098083533297,rpoB
pos_4240671,0.0033447853624752875,0.004373015072310929,0.0025214460524140246,0.004653616940965505,0.010913124624316416,0.013524060705894772,-0.0008233393100612629,0.00028060186865457633,0.0008233393100612629,embC
pos_1674782,0.0011499719261380563,0.0008841315928600312,0.0016328231022893413,0.0016930801325948522,0.001351170958654307,0.00039632679543355817,0.00048285117615128503,0.000808948539734821,0.000808948539734821,inhA
pos_4247729,0.0004319829129154277,0.004045436258220906,0.0006899682801794751,0.004848812388013334,0.00019892635287898695,0.0007605055557109909,0.0002579853672640474,0.0008033761297924283,0.0008033761297924283,embB
pos_2154724,0.006232780405422024,0.007001410229439805,0.005517966619359008,0.006548090752482855,0.015891361496109237,0.004733584634238378,-0.0007148137860630167,-0.00045331947695695027,0.0007148137860630167,katG
pos_1674263,0.0005143476819830424,0.0016267527663128645,0.0005849752009126336,0.0022806537867497106,0.0003014973691301795,0.0010840547060934427,7.062751892959122e-05,0.0006539010204368461,0.0006539010204368461,inhA
pos_4242075,0.0020272586965186462,0.0051347317809958565,0.0017160930303800417,0.005265208812657611,0.004856270720850167,0.0071814911958118215,-0.00031116566613860453,0.00013047703166175432,0.00031116566613860453,embC
pos_4247646,0.0016526633997775363,0.0032856499985651523,0.0013738668851204254,0.0032220008328752835,0.004973248707607073,0.008309230285645378,-0.000278796514657111,-6.364916568986877e-05,0.000278796514657111,embB
pos_1834177,0.005653623442288064,0.011030886893642951,0.005385458271154877,0.011134661611990155,0.007953341018309138,0.008066263977036484,-0.0002681651711331865,0.00010377471834720382,0.0002681651711331865,rpsA
pos_762434,0.001489722482382134,0.008044531538752476,0.0013043700235765285,0.008082297106748145,0.003513720554029546,0.011219931236092476,-0.00018535245880560544,3.776556799566996e-05,0.00018535245880560544,rpoB
