position,shap_RIF_only,shap_INH_only,shap_RIF_in_coresist,shap_INH_in_coresist,shap_RIF_neither,shap_INH_neither,delta_RIF,delta_INH,max_abs_delta,gene
pos_2155168,0.026226924844458016,0.23868501347693938,0.010861914646701132,0.1223924412585746,0.009976136281190762,0.3890104024990272,-0.015365010197756884,-0.11629257221836478,0.11629257221836478,katG
pos_761139,0.11980786302175585,0.002358934312707034,0.03982158096381584,0.0016705457919992646,0.02670060392382246,0.002253494640007489,-0.07998628205794,-0.0006883885207077693,0.07998628205794,rpoB
pos_761161,0.02274946283102532,0.0007199138400259163,0.003009869311176401,0.00038465653503164983,0.006205987436087843,0.0005585177790499528,-0.019739593519848917,-0.0003352573049942665,0.019739593519848917,rpoB
pos_761155,0.2893243852190906,0.023332707134486597,0.2710435728865411,0.018269459161920756,0.3667198197997885,0.061338876709066605,-0.018280812332549523,-0.00506324797256584,0.018280812332549523,rpoB
pos_761110,0.05193134125613341,0.011297081724589968,0.06549546155606391,0.008266216931046781,0.05937691889712528,0.025084170401260285,0.013564120299930496,-0.003030864793543187,0.013564120299930496,rpoB
pos_2154724,0.009859766184613957,0.02224334979807314,0.005594177031464737,0.009389126366262315,0.01783393190926749,0.040765381092779635,-0.00426558915314922,-0.012854223431810826,0.012854223431810826,katG
pos_1674048,0.0009542947285587877,0.018013171666226336,0.0006664171216468876,0.007527752733431999,0.0010087702544434537,0.016249327826621585,-0.00028787760691190004,-0.010485418932794338,0.010485418932794338,fabG1
pos_763031,0.011387747413008844,0.014623167304545189,0.004272659610994346,0.005344122117048113,0.019871290740331806,0.029749572172872316,-0.007115087802014498,-0.009279045187497077,0.009279045187497077,rpoB
pos_4247431,0.01773612320075816,0.03212453212641955,0.014661386736520688,0.022886246547293317,0.029056667630624856,0.06650918204184314,-0.003074736464237471,-0.009238285579126235,0.009238285579126235,embB
pos_4247429,0.01888078904335898,0.015883088299932173,0.02644873589569519,0.017925951331762963,0.041184290234728145,0.037205620954053255,0.0075679468523362076,0.0020428630318307904,0.0075679468523362076,embB
pos_1834177,0.0056505984440084235,0.011204506667040908,0.005465207285255607,0.005482436800778563,0.0053118958729139664,0.02222281550204911,-0.00018539115875281648,-0.0057220698662623455,0.0057220698662623455,rpsA
pos_1674481,0.0013991168231865263,0.010277250203054865,0.000784702483821547,0.005903492255508194,0.0009389588688835245,0.008030213118078958,-0.0006144143393649792,-0.00437375794754667,0.00437375794754667,inhA
pos_4242803,0.007064314048010236,0.007168703936589568,0.003411799041212295,0.004312504961615808,0.010189279195140902,0.01696716981129173,-0.003652515006797941,-0.0028561989749737605,0.003652515006797941,embC
pos_760115,0.008865761467680457,0.0053558488679093606,0.005217651970804705,0.003064447997444453,0.013119002404031365,0.011599259618969767,-0.0036481094968757516,-0.0022914008704649075,0.0036481094968757516,rpoB
pos_4249408,0.005500733026978777,0.0012611689207866893,0.0019903680745291708,0.001681379514164852,0.003568962169982097,0.0016920096958175205,-0.003510364952449606,0.00042021059337816265,0.003510364952449606,embB
pos_4247574,0.0016607791531421934,0.006182332716880189,0.004889243752404194,0.004567965859906555,0.0020342285837447855,0.012337999245203055,0.0032284645992620006,-0.0016143668569736343,0.0032284645992620006,embB
pos_4243346,0.0003474324495858193,0.0012866994753225822,0.0032755934561522182,0.0023439812692621657,0.0005356215065347278,0.0013323748618607459,0.0029281610065663988,0.0010572817939395835,0.0029281610065663988,embA
pos_762089,0.0007767740478241212,0.0016080414888011091,0.002461453553347239,0.0037566563832718307,0.0006399419236515716,0.000772320913543888,0.0016846795055231176,0.0021486148944707215,0.0021486148944707215,rpoB
pos_2289226,0.00038846842146543915,0.000953077808841512,0.002503586929605531,0.0026376553030143094,0.0008231408450470022,0.0011898444338466147,0.0021151185081400917,0.0016845774941727973,0.0021151185081400917,pncA
pos_4248003,0.002550279054260078,0.0035790248004966187,0.004616530310631409,0.0043731291358348,0.003577744710805,0.006939953414279534,0.002066251256371331,0.0007941043353381812,0.002066251256371331,embB
pos_761109,0.004136269297815216,0.0017792071340564353,0.006025684444048087,0.0013076440330769973,0.0024245452106753927,0.0019188871994815606,0.0018894151462328715,-0.00047156310097943807,0.0018894151462328715,rpoB
pos_2289091,0.002878119578708998,0.00033032494499173103,0.004675666256254088,0.00028310205633258316,0.0035304925158944262,0.0006719832669095325,0.0017975466775450896,-4.722288865914787e-05,0.0017975466775450896,pncA
pos_4247730,0.006456097492861908,0.006530202453098361,0.00508766264927171,0.0056307883025033985,0.012031828169313355,0.014546110629754413,-0.0013684348435901977,-0.0008994141505949621,0.0013684348435901977,embB
pos_4240671,0.0033752839260718114,0.0019591849315250907,0.002764804458113448,0.000825396658681534,0.012395771633371916,0.0025300366819134357,-0.0006104794679583636,-0.0011337882728435567,0.0011337882728435567,embC
pos_4243460,0.010276277236740954,0.006856578426940223,0.010488458129796744,0.005769936374993369,0.010915985012715049,0.011949879881777994,0.0002121808930557901,-0.0010866420519468544,0.0010866420519468544,embA
pos_762434,0.0022056350050970426,0.0029655802760084264,0.0013325561516709613,0.0022240382487257455,0.003794163417085838,0.005337953309380041,-0.0008730788534260813,-0.0007415420272826809,0.0008730788534260813,rpoB
pos_1674782,0.0009235416807899159,0.001921568842493006,0.0014979278252193885,0.002786214979638612,0.0014206043137237018,0.002472239409122838,0.0005743861444294726,0.000864646137145606,0.000864646137145606,inhA
pos_1674263,0.00031628503932850657,0.002528834364688161,0.0005714315208031715,0.0016647887925959107,0.0003110901104910618,0.0019752924687058177,0.0002551464814746649,-0.0008640455720922502,0.0008640455720922502,inhA
pos_4249323,0.0008147219224727804,0.0010429689410002619,0.0016667727301819207,0.0010748578531565413,0.002154074045795594,0.00202807202426292,0.0008520508077091404,3.188891215627943e-05,0.0008520508077091404,embB
pos_761277,0.0038455804181281674,0.0009357775088592403,0.004507651332642423,0.0001569361483330143,0.004817859076123519,0.0015696695706041133,0.0006620709145142554,-0.000778841360526226,0.000778841360526226,rpoB
pos_4247729,0.0,0.00011216072624283423,0.0006295613316511544,0.0008835310939953036,0.0001634270700831741,0.0002894450036201904,0.0006295613316511544,0.0007713703677524694,0.0007713703677524694,embB
pos_4249583,0.0007420050028213327,0.0005718813906718193,0.0014808817962119088,0.0008907764818068683,0.001176030844838434,0.0008761282101146771,0.0007388767933905761,0.00031889509113504897,0.0007388767933905761,embB
pos_761140,0.01621101887589326,0.002178687395345936,0.016459405535618733,0.0014913118892275201,0.014702113451021646,0.004318755738828019,0.0002483866597254719,-0.0006873755061184159,0.0006873755061184159,rpoB
pos_4242182,0.0018645490597204975,0.0012893969805026489,0.0019665090554406403,0.0019369105421315693,0.0015338357252535136,0.0020991650524915667,0.00010195999572014283,0.0006475135616289204,0.0006475135616289204,embC
pos_4247646,0.0012002752182356422,0.0011042502375112652,0.001473630584284633,0.0004843246820454836,0.005664307804974553,0.0021013975326560517,0.0002733553660489907,-0.0006199255554657816,0.0006199255554657816,embB
pos_2289047,0.002739195992639339,0.0016989204181123597,0.002270565816860033,0.0017349910473456716,0.005626845521947887,0.0035050806750831346,-0.00046863017577930587,3.6070629233311965e-05,0.00046863017577930587,pncA
pos_1834683,0.00012106336325220879,0.002330585749112194,0.00019077193031606296,0.0027255388197867584,5.7187753105239344e-05,0.0018220441958134454,6.970856706385417e-05,0.00039495307067456426,0.00039495307067456426,rpsA
pos_2289090,0.0002617464125898137,0.002141048576808899,0.0005078100815020711,0.0023757630828723747,0.000520472017923929,0.0022213984387447617,0.0002460636689122574,0.00023471450606347586,0.0002460636689122574,pncA
pos_2289213,0.0021739988899741693,0.0021762787782366147,0.002227473544262884,0.001984377742849349,0.0035292187972215615,0.004570083482162829,5.347465428871476e-05,-0.00019190103538726556,0.00019190103538726556,pncA
pos_4244220,0.0003536169639008444,0.00018279889239582184,0.00028770232573768154,9.38289637033386e-05,0.0025701602726434874,0.0005225250645316448,-6.591463816316286e-05,-8.896992869248323e-05,8.896992869248323e-05,embA
