position,shap_RIF_only,shap_PZA_only,shap_RIF_in_coresist,shap_PZA_in_coresist,shap_RIF_neither,shap_PZA_neither,delta_RIF,delta_PZA,max_abs_delta,gene
pos_4247431,0.012121467279812233,0.038485210530185054,0.01671272859361235,0.06589964250722342,0.025646435003559495,0.04939007097267808,0.004591261313800117,0.02741443197703837,0.02741443197703837,embB
pos_2155168,0.01284269322198145,0.05170447021358997,0.010374459740942045,0.02724991775486786,0.010749324202406575,0.019464646403159466,-0.0024682334810394047,-0.024454552458722106,0.024454552458722106,katG
pos_761139,0.05527645264872888,0.004053141677546579,0.033519857445645805,0.006869372392643303,0.027635809017915267,0.0022827657446980597,-0.021756595203083075,0.0028162307150967235,0.021756595203083075,rpoB
pos_2289213,0.000882179019933829,0.009408875568328378,0.0032086593650257726,0.02688713521820961,0.003097492247391813,0.009064498275015582,0.0023264803450919434,0.01747825964988123,0.01747825964988123,pncA
pos_761155,0.2790560891647976,0.06790620778841776,0.2663244638968437,0.08519040717174278,0.3719184688863927,0.0944628753510909,-0.012731625267953905,0.017284199383325025,0.017284199383325025,rpoB
pos_4247429,0.024825744857582235,0.06414188565532042,0.027162597387901166,0.08075312078204877,0.04618201564132558,0.06739289443054908,0.0023368525303189315,0.016611235126728352,0.016611235126728352,embB
pos_761110,0.060847530511507125,0.007694467655591733,0.06804760432371473,0.02403305203706499,0.06239792083975641,0.015060595738580606,0.007200073812207608,0.016338584381473256,0.016338584381473256,rpoB
pos_763031,0.005014088939840859,0.026764822370651493,0.004175598520936932,0.010768071028084124,0.017159272894702492,0.0278369176483283,-0.0008384904189039271,-0.015996751342567367,0.015996751342567367,rpoB
pos_4248003,0.0038811807182713943,0.002956041764514897,0.005025297667858245,0.014817788791499168,0.0045800821392543035,0.004477503968955462,0.0011441169495868507,0.011861747026984271,0.011861747026984271,embB
pos_2154724,0.005956420158188426,0.02693228679165244,0.00559618370070402,0.01656329045214074,0.0164016481799898,0.04001147888110229,-0.00036023645748440615,-0.010368996339511702,0.010368996339511702,katG
pos_4247730,0.005139260232070008,0.00852567608403766,0.005135592412773679,0.016533447680263505,0.011462078010287573,0.011281612094417859,-3.66781929632843e-06,0.008007771596225845,0.008007771596225845,embB
pos_761140,0.019081156173296487,0.001558399931483872,0.014525161329735043,0.0048722267722108095,0.01550409852134502,0.0031666989423691097,-0.004555994843561444,0.0033138268407269375,0.004555994843561444,rpoB
pos_760115,0.005714022400372584,0.011793311825455245,0.00508283324060504,0.007346085381879428,0.011699475582430124,0.014952381725261123,-0.0006311891597675437,-0.004447226443575817,0.004447226443575817,rpoB
pos_761161,0.00472754639357781,0.008690600123818396,0.0029888956677460244,0.004602876945988998,0.005097297042137745,0.0031023860515940103,-0.0017386507258317857,-0.0040877231778293985,0.0040877231778293985,rpoB
pos_2289091,0.0027236621380448437,0.0038770043579451517,0.0059916508118085555,0.007919035320350301,0.003973484830043326,0.004599110014110525,0.003267988673763712,0.00404203096240515,0.00404203096240515,pncA
pos_4247469,0.00043272194048184784,0.0,0.0017449240489719959,0.0036378323726544174,0.00022851181042467052,9.988923718844168e-05,0.001312202108490148,0.0036378323726544174,0.0036378323726544174,embB
pos_4243346,0.0025701364473608955,0.0014288037026486966,0.003608511997547684,0.004893731946932542,0.0011671983225848518,0.0021222457823508807,0.0010383755501867883,0.0034649282442838457,0.0034649282442838457,embA
pos_4249583,0.0010889319444907773,0.001558955113347842,0.0017214565395440727,0.004877214695551446,0.001364518840100558,0.0021330039083141228,0.0006325245950532955,0.0033182595822036035,0.0033182595822036035,embB
pos_761109,0.006152877764424455,0.009275085882894442,0.005814285611518106,0.006246934878082469,0.003947313929058356,0.004599654385201682,-0.00033859215290634945,-0.0030281510048119735,0.0030281510048119735,rpoB
pos_1834177,0.005817645298864195,0.012102344927775966,0.005218889714969693,0.015038451249517444,0.008314265157002643,0.013050478683641592,-0.0005987555838945025,0.002936106321741478,0.002936106321741478,rpsA
pos_2289226,0.0028374102683380443,0.007545847471291554,0.002126835468723203,0.010408090132417606,0.00091460615007909,0.005993568681322671,-0.0007105747996148412,0.0028622426611260524,0.0028622426611260524,pncA
pos_1674481,0.0007161021942546993,0.001344897417098743,0.000873380935916985,0.0041095199719586245,0.0009154008805645255,0.00314054027468648,0.00015727874166228568,0.0027646225548598816,0.0027646225548598816,inhA
pos_761277,0.002938288629204592,0.0028087687274536612,0.00561470822038714,0.0045682913300275,0.004833906870938143,0.0024602378097169373,0.0026764195911825484,0.0017595226025738384,0.0026764195911825484,rpoB
pos_4242803,0.00351355880055723,0.012335688912824803,0.00356604630427799,0.009752460058480825,0.00742050485207947,0.012334452514563925,5.248750372076035e-05,-0.0025832288543439774,0.0025832288543439774,embC
pos_762434,0.0016586827876809169,0.009332976360113938,0.0011485568448198979,0.006956795294789843,0.0037266611655840075,0.010087790697891898,-0.000510125942861019,-0.0023761810653240957,0.0023761810653240957,rpoB
pos_4247574,0.005925062984520811,0.003534995161929036,0.003929029552177682,0.005893799584212915,0.00234484480745265,0.005284422234191774,-0.0019960334323431295,0.002358804422283879,0.002358804422283879,embB
pos_762089,0.002348074381216713,0.0016462550611810853,0.002438934670607424,0.003648401767146863,0.0008302225657294259,0.001027892746635897,9.086028939071095e-05,0.002002146705965778,0.002002146705965778,rpoB
pos_1674048,0.0008051811947402131,0.0014198884560426726,0.00058289139057594,0.0033785030036300964,0.0010447383286468466,0.001598750131765121,-0.00022228980416427312,0.0019586145475874238,0.0019586145475874238,fabG1
pos_2289047,0.002752298710043082,0.009139186458979874,0.00194736194189055,0.010865305243207722,0.006426152258917046,0.010241294775471997,-0.0008049367681525318,0.001726118784227848,0.001726118784227848,pncA
pos_1834683,6.784012845775565e-05,0.010134431347650871,0.000276372679053971,0.008520829301165725,6.990417260070275e-05,0.0020440210868794256,0.0002085325505962153,-0.001613602046485146,0.001613602046485146,rpsA
pos_2289090,0.0003440468448949716,0.011493322163538261,0.0006122494575144821,0.009888923319598675,0.000583508448262088,0.004339355707895891,0.00026820261261951045,-0.0016043988439395866,0.0016043988439395866,pncA
pos_763123,0.001212261750219271,0.002453505481246031,0.002188521617564893,0.003961000191532863,0.0016642155940428615,0.002966286137911002,0.0009762598673456219,0.0015074947102868318,0.0015074947102868318,rpoB
pos_4242182,0.0018029835036779333,0.004723960448604849,0.002079798185607641,0.005909300467523856,0.0013279433868972088,0.0023816172918134813,0.0002768146819297078,0.001185340018919007,0.001185340018919007,embC
pos_4242075,0.002242870012061318,0.007668585770491324,0.0015043081064296858,0.00758132277889956,0.005085441153928764,0.0077903228341900275,-0.0007385619056316324,-8.726299159176384e-05,0.0007385619056316324,embC
pos_4247729,0.0006232415744546854,0.0022716435937615532,0.0005947635371107591,0.001692338923098179,0.00022958723975037438,0.00029786588736017283,-2.8478037343926312e-05,-0.0005793046706633741,0.0005793046706633741,embB
pos_4243460,0.010455653262618868,0.010017797618141904,0.010499179236230312,0.009515183040926875,0.014640227209454883,0.007414009722243818,4.352597361144406e-05,-0.0005026145772150294,0.0005026145772150294,embA
pos_4249323,0.0015008469151152983,0.0025816593331979922,0.001734848144645162,0.002475301430658649,0.0019551219523239066,0.0017313377382030424,0.0002340012295298636,-0.00010635790253934324,0.0002340012295298636,embB
